NCESID,TOTAL_ACCIDENTS,TOTAL_INJURIES,ON_STR_TOP50,CROSS_STR_TOP50
360007705566,20,6,6,14
360009101955,13,1,0,0
360009104483,5,2,3,2
360009105697,7,2,0,0
360009105812,15,2,0,0
360009105901,2,0,0,0
360009105962,6,2,0,0
360009105968,6,2,0,0
360009204889,15,0,7,8
360009602429,2,0,0,0
360009605957,2,1,0,0
360009605959,6,1,0,0
360009605960,6,1,0,0
360009605961,0,0,0,0
360009605967,0,0,0,0
360009702334,12,1,0,0
360009702582,2,0,0,2
360009205498,0,0,0,0
360009205529,15,0,7,8
360009402163,1,1,0,0
360009404053,8,2,0,0
360009405518,3,1,0,0
360009405927,8,6,0,0
360009500882,12,2,7,5
360009502631,0,0,0,0
360009502763,8,3,0,0
360009505514,3,1,0,1
360009505523,3,1,0,1
360009505709,9,1,0,0
360009505712,3,1,0,1
360009505714,0,0,0,0
360009505818,5,1,0,0
360009505819,16,7,0,0
360011405700,14,0,0,0
360011902412,7,0,0,0
360011903074,0,0,0,0
360011905699,3,0,0,0
360011905701,7,3,6,1
360011905703,3,0,0,0
360011905813,7,2,0,0
360011905816,7,2,0,0
360009602427,3,0,0,0
360012002572,12,4,0,0
360012002720,7,1,0,0
360012002776,5,1,0,0
360011905896,0,0,0,0
360011905929,9,8,5,0
360012001941,2,0,0,0
360009705552,4,0,0,0
360012002787,3,1,0,0
360004504493,0,0,0,0
360004604487,0,0,0,0
360009100847,6,2,0,0
360009102784,0,0,0,0
360009102793,20,4,7,12
360009105508,9,2,5,4
360009105694,2,1,0,0
360009201377,4,2,0,0
360009202041,4,0,1,3
360009202088,0,0,0,0
360009202325,0,0,0,0
360009203389,15,3,0,0
360009204811,2,0,0,0
360009204890,4,2,0,0
360015102396,0,0,0,0
360009205501,0,0,0,0
360015102618,4,0,0,0
360009205706,14,1,7,7
360015102625,5,0,0,0
360009205864,2,0,0,0
360012105237,9,1,0,0
360009404059,5,0,0,0
360009405707,13,3,0,0
360012105722,9,0,0,0
360009405904,7,4,0,0
360012105724,21,5,9,6
360009501344,0,0,0,0
360015102657,10,1,1,0
360009502504,0,0,0,0
360015102692,10,1,0,0
360009502576,0,0,0,0
360015102729,15,2,0,0
360009502596,42,17,28,10
360015102738,8,0,0,0
360009502756,0,0,0,0
360015105227,6,0,1,5
360009504883,11,3,0,0
360015105955,15,2,0,0
360009505510,9,1,0,0
360015300800,6,4,0,0
360009505515,9,1,0,0
360015300829,18,6,13,5
360009505516,0,0,0,0
360015300871,0,0,0,0
360009505710,9,1,0,0
360015302012,4,1,0,0
360009505713,3,1,0,1
360015302032,27,12,19,7
360009105695,3,0,0,0
360009105698,11,7,0,1
360015302230,4,1,4,0
360009105811,0,0,0,0
360015302443,0,0,0,0
360009505715,0,0,0,0
360009202173,8,4,0,0
360015304885,10,2,9,10
360009202251,2,0,0,0
360015705846,12,2,6,6
360009202481,0,0,0,0
360016605902,4,0,0,0
360009202482,22,3,0,0
360017005867,1,0,0,0
360009202993,0,0,0,0
360009602750,9,5,0,0
360009605506,0,0,0,0
360009204497,0,0,0,0
360009605956,0,0,0,0
360009205513,14,1,7,7
360009605958,11,7,3,2
360009402054,14,4,0,0
360009605964,2,1,0,0
360009402123,2,0,0,0
360009605965,6,1,0,0
360009402758,10,7,0,0
360009605966,0,0,0,0
360009402813,17,1,0,0
360009701789,14,1,5,1
360009405519,2,0,0,0
360009702457,7,0,0,0
360009500799,14,8,11,3
360009702788,8,0,6,0
360009501908,10,3,0,0
360009702799,5,2,0,0
360009502360,10,7,0,0
360009702803,0,0,0,0
360009705537,0,0,0,0
360009502760,25,11,0,0
360009705562,8,0,6,0
360009700827,0,0,0,0
360009705725,5,2,0,0
360009702304,3,2,0,0
360009705866,0,0,0,0
360009702829,5,5,0,0
360011505705,10,0,0,0
360015202552,5,0,0,0
360015203011,23,4,0,0
360011605708,0,0,0,0
360015302669,0,0,0,0
360011902487,7,3,6,1
360015302673,12,3,0,0
360011902804,1,0,0,0
360011903091,0,0,0,0
360015302783,1,0,0,0
360011900892,10,3,0,0
360011902865,10,0,0,0
360015302853,2,2,0,0
360015304070,0,0,0,0
360015905898,0,0,0,0
360017205868,19,6,12,7
360094405974,11,7,3,2
360009504495,29,13,29,29
360009505210,21,12,0,0
360012102564,9,1,0,0
360009102453,8,1,0,0
360012003002,3,0,0,0
360012005718,10,2,9,0
360013504477,0,0,0,0
360012005719,10,2,9,0
360012005895,0,0,0,0
360013504478,11,2,0,0
360012102182,5,2,0,0
360012102542,5,2,0,0
360013504561,11,9,0,0
360012102636,3,1,0,0
360013504605,1,0,0,0
360015202473,9,6,0,0
360015202731,7,2,0,0
360015202767,9,0,0,0
360015102761,5,0,0,0
360015202821,14,2,0,0
360015205826,7,1,0,0
360009200821,24,8,0,0
360015205940,1,0,0,0
360015205942,2,0,0,0
360015301788,0,0,0,0
360013500812,3,0,0,0
360013502826,0,0,0,0
360013504409,17,3,11,0
360013504782,3,0,0,0
360014705821,7,1,0,0
360014905824,21,4,14,0
360015005825,4,2,0,0
360015102212,8,4,0,0
360015102385,8,5,0,1
360015102603,1,1,0,1
360015102626,11,2,0,0
360015102679,9,0,0,0
360015102735,13,2,0,0
360015105877,2,0,0,0
360015105908,2,0,0,0
360012104886,11,1,0,0
360012105721,1,0,0,0
360012105723,11,9,0,0
360015302003,4,0,0,0
360015302695,8,2,0,0
360015302755,11,7,10,1
360015303385,1,0,0,0
360015303387,0,0,0,0
360015304067,6,1,0,0
360004104491,22,3,0,8
360011904604,2,0,0,0
360011905702,15,2,8,0
360011905704,3,0,0,0
360012002570,3,0,0,0
360012002611,3,0,0,0
360012002651,3,0,0,0
360012002855,0,0,0,0
360012002889,7,1,5,0
360012005716,10,2,9,0
360012005717,10,2,9,0
360012100857,12,2,5,5
360009505762,8,4,0,0
360009505817,5,1,0,0
360009505820,5,1,0,0
360009505885,0,0,0,0
360009505916,0,0,0,0
360011905884,6,2,0,0
360011905933,0,0,0,0
360012000813,26,6,20,6
360015202363,0,0,0,0
360015202370,2,1,0,0
360015202377,4,0,0,0
360015202382,7,2,0,0
360015202619,9,2,0,0
360015202753,0,0,0,0
360015205827,1,0,0,0
360015205941,1,0,0,0
360013501926,1,0,0,0
360013501927,0,0,0,0
360013502020,7,2,0,0
360009202132,6,1,0,0
360009202139,11,0,0,0
360013502311,5,2,3,2
360009202175,1,0,0,1
360013504476,5,1,5,0
360009202226,5,3,3,2
360014505814,3,3,0,3
360009202403,4,0,3,1
360014605815,4,1,2,2
360014805822,5,1,0,0
360009202461,11,1,9,2
360015101348,11,1,0,0
360009202607,26,8,11,14
360009101928,0,0,0,0
360015101916,12,2,5,7
360009102064,13,0,0,0
360009102106,2,0,0,0
360015101952,3,1,0,0
360009102205,0,0,0,0
360015102266,5,2,0,0
360009102237,10,0,6,0
360009102490,13,0,4,9
360015102391,18,3,5,7
360009102772,0,0,0,0
360009102781,1,1,0,1
360011901913,3,0,0,0
360011902091,3,3,0,3
360011902095,5,1,0,0
360011902144,11,1,0,0
360011902156,12,1,0,0
360011902221,6,2,0,0
360011902291,4,0,0,0
360011902326,5,1,0,0
360009202778,0,0,0,0
360009202818,11,3,9,2
360009205531,15,0,7,8
360013502827,10,1,5,5
360009102796,11,7,0,1
360009102811,2,0,0,0
360012002604,6,6,0,0
360012004351,12,2,10,2
360015302727,7,3,0,0
360011902467,10,0,0,0
360011902565,1,0,0,0
360011902773,10,4,0,0
360011902816,7,1,0,0
360011903078,0,0,0,0
360011904358,6,1,0,0
360012002275,1,0,0,0
360009102050,7,1,0,0
360008402043,10,2,0,0
360008402098,6,1,0,0
360008402147,0,0,0,0
360008405118,0,0,0,0
360008405119,9,5,0,0
360008405180,7,0,0,0
360008405512,2,0,0,0
360008405521,13,8,0,0
360008405920,9,13,0,0
360008405988,6,12,1,0
360008502011,0,0,0,0
360008502168,12,1,0,0
360008502441,4,3,0,0
360008502456,11,1,8,0
360008502509,10,2,0,0
360008502547,7,5,0,0
360008502632,2,1,0,0
360008505123,7,0,0,0
360008505565,7,2,0,0
360008505653,0,0,0,0
360008505655,0,0,0,0
360008505656,0,0,0,0
360008505789,7,2,0,0
360008505983,5,2,0,0
360008505984,5,2,0,0
360008505987,1,0,0,0
360008602048,1,0,0,0
360008602298,1,0,0,0
360008602410,2,0,0,0
360006604877,14,6,6,0
360008603767,0,0,0,0
360008604459,5,2,0,0
360008604461,6,2,0,0
360008604876,1,0,0,0
360008605175,2,2,0,0
360008603780,0,0,0,0
360008604355,4,1,0,0
360008605192,8,1,0,0
360008605547,2,2,0,0
360008605663,12,3,3,3
360008605664,6,2,0,0
360008602344,3,0,0,0
360008605666,4,4,0,0
360008705796,10,4,8,0
360008605561,1,0,0,0
360008605667,5,1,0,0
360008605669,9,0,0,0
360008802312,7,1,0,0
360008701748,0,0,0,0
360008605670,5,2,0,0
360008702357,12,1,0,0
360008703794,10,1,0,0
360008605671,9,0,0,0
360008605790,0,0,0,0
360008702691,9,0,0,0
360008703820,6,0,0,0
360008605791,0,0,0,0
360008705138,1,0,0,0
360008705182,24,15,0,0
360008605882,9,0,0,0
360008700130,0,0,0,0
360008602250,4,0,0,0
360008705183,24,15,0,0
360008700739,8,4,0,0
360008701958,8,0,0,0
360008602338,0,0,0,0
360008705184,24,15,0,0
360008702067,10,2,0,0
360008602465,4,2,0,0
360008705185,24,15,0,0
360008702150,3,1,0,0
360008702179,10,2,7,0
360009002477,5,0,0,0
360009002541,4,1,0,0
360008702316,13,4,0,0
360009002672,8,4,0,0
360009004878,4,0,0,0
360008702513,0,0,0,0
360009000744,3,0,0,0
360009002706,4,0,0,0
360008805800,6,1,0,0
360009001315,1,0,0,0
360009003353,4,3,0,0
360008703795,0,0,0,0
360008805880,9,2,5,0
360009001332,9,5,0,0
360009003369,4,3,0,0
360009002194,3,0,0,0
360009005169,1,0,1,0
360009003847,1,0,0,0
360009002219,0,0,0,0
360009005679,14,3,1,0
360009005166,2,4,2,0
360009005509,11,3,0,0
360009002373,23,4,15,0
360009005690,16,9,0,0
360009005805,5,0,0,0
360009002388,10,1,0,0
360009005682,23,4,15,0
360011105662,4,1,0,0
360009005689,6,1,0,0
360009005808,5,1,0,0
360009005809,0,0,0,0
360016105893,1,0,1,0
360008602751,10,2,0,0
360009005691,5,0,0,0
360016305923,5,1,1,2
360008602961,5,2,0,0
360009005692,3,0,0,0
360008805953,9,2,5,0
360009005806,11,3,0,0
360008603742,19,5,0,0
360008802323,4,1,0,0
360008603764,1,0,0,0
360008805969,6,1,0,0
360009000227,26,20,26,0
360009001341,1,0,0,0
360008605176,9,0,0,0
360009001309,13,5,0,0
360009002350,3,1,0,0
360008605177,9,0,0,0
360009001339,1,0,0,0
360011005651,11,2,0,0
360009002245,16,9,0,0
360013502844,11,3,0,0
360008605178,9,0,0,0
360009002260,2,4,2,0
360008605542,17,7,0,0
360013504469,6,2,0,0
360009002279,7,3,0,0
360008501979,4,3,0,0
360013504597,11,2,9,0
360013502224,4,3,3,0
360008502354,5,3,0,0
360016505889,0,0,0,0
360094305973,5,3,0,0
360008405520,9,5,0,0
360008502463,3,4,0,0
360009005807,11,3,0,0
360008405761,2,0,0,0
360008505186,5,2,0,0
360011205672,9,6,0,0
360008405785,6,12,1,0
360011305688,34,3,23,0
360008405786,6,12,1,0
360008602188,13,6,0,0
360008502295,1,0,0,0
360013503373,6,12,1,0
360008602232,8,2,0,0
360008502302,0,0,0,0
360013504522,7,0,0,0
360008602238,12,3,3,3
360013505853,0,0,0,0
360008502968,2,2,0,0
360008602276,10,3,7,0
360014405787,10,6,0,0
360008503740,7,0,0,0
360008704310,8,2,0,0
360005404452,0,0,0,0
360008602737,4,1,0,0
360008400757,26,8,0,0
360008603747,0,0,0,0
360008401338,7,0,0,0
360008604808,11,5,0,0
360008402138,2,1,0,0
360008605665,5,1,0,0
360008605668,0,0,0,0
360008402218,10,6,0,0
360008605673,4,0,0,0
360008703811,6,0,0,0
360008605693,2,2,0,0
360008402578,3,0,0,0
360008703812,10,4,8,0
360008405533,5,3,0,0
360008605793,1,0,0,0
360008703823,12,2,0,0
360008505507,5,2,0,0
360008501964,6,5,5,0
360008505654,5,2,0,0
360008704353,9,3,0,0
360008505657,11,1,8,0
360008502085,0,0,0,0
360008704473,4,1,0,0
360013501923,23,3,1,0
360008505659,6,5,5,0
360008502285,4,1,0,0
360008505660,5,2,0,0
360008704693,4,0,2,2
360013502079,2,0,0,0
360008502293,4,0,0,0
360008505661,5,2,0,0
360008704695,9,3,0,0
360008705137,5,3,0,0
360008502380,6,3,0,0
360008505876,2,2,0,0
360008705556,5,2,0,0
360008502401,5,0,0,0
360008705569,1,0,0,0
360008605794,0,0,0,0
360008705674,24,15,0,0
360008605795,14,3,2,3
360008705760,3,0,0,0
360008502479,7,5,0,0
360008605861,4,0,0,0
360008705799,5,2,0,0
360008705938,5,2,0,0
360008502505,1,0,0,0
360008605981,1,0,0,0
360008700127,4,2,2,0
360008705943,24,15,0,0
360008801935,4,3,0,0
360008505121,3,1,0,0
360008705993,0,0,0,0
360008802100,4,0,0,0
360008700183,5,1,0,0
360008602486,15,4,3,4
360008701304,7,0,0,0
360008802404,8,2,0,0
360008602528,5,1,0,0
360008701306,0,0,0,0
360008605191,14,3,2,3
360008802628,0,0,0,0
360008702121,3,1,0,0
360008505982,1,0,0,0
360008805685,4,3,0,0
360008702318,14,2,0,0
360009002209,6,0,0,0
360008505985,10,6,0,0
360008802342,7,2,0,0
360008802364,1,0,0,0
360008705675,4,1,0,0
360008602288,7,2,0,0
360008505986,10,6,0,0
360008600728,18,2,0,0
360008401909,0,0,0,0
360008602073,10,1,0,0
360008402122,8,1,0,0
360008602413,4,4,0,0
360008402143,9,14,0,0
360008701307,4,1,0,0
360008701922,1,1,0,0
360008402269,3,0,0,0
360008701940,0,0,0,0
360008402866,2,0,0,0
360008702060,10,3,0,0
360008403738,2,2,0,0
360008404460,0,0,0,0
360008405504,9,5,0,0
360004204466,5,3,2,2
360004804457,11,5,5,3
360006304875,16,2,14,0
360008802368,8,8,0,0
360008802394,7,1,0,0
360008802524,0,0,0,0
360008805179,1,1,0,0
360008805559,4,3,0,0
360008805568,18,9,0,0
360008805680,0,0,0,0
360008805681,18,9,0,0
360008805684,18,9,0,0
360008805686,18,9,0,0
360008702313,10,2,0,0
360008702332,14,6,0,0
360008702361,9,1,0,0
360008401983,0,0,0,0
360008702939,13,1,3,0
360008703783,9,2,5,0
360008703805,0,0,0,0
360008704464,32,10,0,0
360008704731,0,0,0,0
360008705139,3,0,0,0
360008705140,3,0,0,0
360008705181,5,2,0,0
360008705190,0,0,0,0
360008705550,23,15,0,0
360008705557,5,2,0,0
360008705676,2,0,0,0
360008705797,0,0,0,0
360008705798,5,1,0,0
360008802092,0,0,0,0
360008802282,5,0,0,0
360008802306,8,0,0,0
360008802336,2,1,0,0
360008802397,6,0,0,0
360008802450,4,2,0,0
360008802517,6,3,0,0
360008802573,0,0,0,0
360008805541,4,3,0,0
360008805543,18,9,0,0
360008805558,0,0,0,0
360008805683,18,9,0,0
360008805687,4,3,0,0
360008805801,6,1,0,0
360008705677,5,1,0,0
360008805802,6,1,0,0
360008805803,1,1,0,0
360008702440,2,0,0,0
360008805804,0,0,0,0
360008805971,3,1,0,0
360008905554,9,4,0,0
360008800158,7,3,0,0
360009001327,11,4,0,0
360009001767,1,0,0,0
360008801963,0,0,0,0
360004904470,22,7,12,0
360008801989,0,0,0,0
360008802111,19,7,0,0
360008802185,4,0,0,0
360008802389,9,2,0,0
360008802417,9,4,0,0
360008802419,5,1,0,0
360008802469,3,2,0,0
360008802553,0,0,0,0
360008600795,16,2,14,0
360008602133,15,3,7,0
360009002491,2,0,0,0
360013504468,9,2,0,0
360013504521,7,3,0,0
360013504560,7,0,0,0
360008802613,2,0,0,0
360009002059,14,6,12,0
360008400794,7,0,0,0
360008402056,21,8,0,0
360008402191,7,2,0,0
360008402556,18,3,0,0
360008405187,2,0,0,0
360008405517,2,0,0,0
360008405650,13,8,0,0
360008502211,7,0,0,0
360008602583,7,1,0,0
360008604879,2,2,0,0
360008702063,10,1,0,0
360008702155,0,0,0,0
360008702202,4,0,0,0
360008702204,5,0,0,0
360008702210,29,10,0,0
360008702244,3,0,0,0
360008502264,7,2,0,0
360008502530,3,2,0,0
360008505122,0,0,0,0
360008601986,15,4,0,0
360008602160,8,2,0,0
360007704406,0,0,0,0
360007704519,31,4,12,19
360007704729,10,1,4,6
360007800619,0,0,0,0
360007802023,0,0,0,0
360007802068,23,1,0,13
360007803603,32,2,0,0
360007803622,0,0,0,0
360007805629,0,0,0,0
360007902529,0,0,0,0
360008100590,24,5,5,17
360008100701,0,0,0,0
360008102207,16,3,0,0
360008102455,11,4,1,9
360008102489,7,4,3,4
360008102663,3,0,0,0
360008102670,32,10,3,27
360008102680,14,5,4,9
360008104690,10,1,4,4
360008105115,37,10,10,25
360007802235,11,4,0,8
360007802303,32,2,0,0
360007802584,0,0,0,0
360007802591,0,0,0,0
360007802677,1,0,0,0
360007702857,1,0,1,0
360008305649,6,2,0,0
360008105117,0,0,0,0
360008301675,0,0,0,0
360008302135,34,7,4,26
360008302550,18,6,3,15
360008302643,0,0,0,0
360007700637,12,0,8,4
360007701219,21,1,8,13
360007702076,0,0,0,0
360007702184,20,2,2,9
360007702225,1,0,0,1
360007702414,9,2,1,8
360010102765,6,0,0,0
360010105545,11,1,5,6
360010105734,2,0,0,0
360010105833,2,0,0,0
360010105925,6,0,1,4
360010201821,4,1,0,0
360010202289,0,0,0,0
360012202014,0,0,0,0
360012202444,4,0,0,0
360012202555,1,0,0,0
360012202637,7,0,0,0
360012202681,11,8,0,0
360012205830,3,0,0,0
360012205869,4,1,0,0
360012205979,0,0,0,0
360012301995,6,1,3,3
360012302259,2,0,0,0
360012302395,6,1,0,0
360012302398,4,1,0,0
360012302426,1,0,0,0
360012302634,2,4,0,0
360012302685,3,0,0,0
360012302699,1,0,0,0
360009802474,3,0,0,0
360010204802,10,1,0,6
360010205288,9,3,0,7
360010205511,11,1,0,0
360013502070,0,0,0,0
360013502859,5,0,0,0
360012302714,5,0,0,0
360012302743,0,0,0,0
360012305728,13,2,0,0
360012305729,0,0,0,0
360012305730,0,0,0,0
360012305890,0,0,0,0
360010203123,6,2,0,0
360011805732,2,0,0,0
360010202534,5,0,0,0
360010202535,1,0,0,0
360009902622,4,1,0,0
360010001414,9,1,0,0
360010002140,19,2,0,0
360010002181,3,0,0,0
360010002333,7,0,0,0
360010002448,0,0,0,0
360005704804,4,0,0,4
360010002510,3,0,0,0
360010002574,3,0,0,0
360010002612,4,0,0,0
360010002667,1,0,0,0
360010102089,1,0,0,0
360010102254,1,0,0,0
360010102432,0,0,0,0
360010102483,8,0,0,0
360009902654,1,0,0,0
360010001951,2,1,0,0
360010102484,0,0,0,0
360010001965,0,0,0,0
360010102493,2,1,0,0
360010002222,9,9,4,0
360010102497,4,1,0,0
360010002241,4,2,0,0
360010102563,0,0,0,0
360010002322,0,0,0,0
360010102630,1,2,0,0
360010101409,4,2,2,0
360010101411,4,2,2,0
360010102659,7,4,0,0
360010101413,4,2,2,0
360010202077,6,1,0,0
360010102172,4,5,0,0
360010102227,1,0,0,0
360010102362,8,1,0,0
360010102409,4,1,0,0
360010102494,1,1,0,0
360010102742,0,0,0,0
360010105544,0,0,0,0
360010105546,15,3,0,0
360010105733,2,0,0,0
360010105834,7,4,0,0
360010105875,2,0,0,0
360010202287,16,1,0,10
360010202548,0,0,0,0
360010202887,10,3,0,0
360010204893,10,4,4,5
360010205287,2,0,0,0
360010205553,1,0,0,0
360010205735,7,1,0,0
360010205948,12,0,0,0
360012200249,2,2,0,0
360012201969,4,1,0,0
360012201996,3,0,0,0
360012202105,6,1,0,0
360012202148,6,0,0,4
360012202402,6,0,0,0
360012202586,5,0,0,0
360009901919,3,0,0,0
360009902145,6,1,0,0
360009902301,2,0,0,0
360009902372,3,1,0,0
360009902488,5,0,0,0
360009801791,14,1,0,0
360012202639,3,1,0,0
360012202683,4,0,0,0
360012202703,1,1,0,0
360012202711,5,5,0,0
360012202722,0,0,0,0
360012204485,4,1,0,0
360012301912,3,0,0,0
360012301918,8,1,0,0
360012302013,0,0,0,0
360012302379,19,5,0,0
360012302512,2,0,0,0
360013504818,1,0,0,0
360012302671,4,0,0,0
360009901953,9,3,0,0
360009902030,2,0,1,1
360009902099,0,0,0,0
360009902129,3,0,0,0
360009902571,5,3,0,0
360010002376,11,3,0,0
360010002384,0,0,0,0
360010002437,9,1,0,0
360010002508,16,3,0,0
360010002523,4,0,0,0
360010002653,4,0,0,0
360010002696,9,7,0,0
360010202093,0,0,0,0
360010002718,2,0,0,0
360010202328,0,0,0,0
360009801959,1,0,0,0
360009802215,13,2,0,0
360010202420,6,0,0,4
360009802300,3,1,0,0
360009802355,1,0,0,0
360005904803,28,6,0,16
360009802442,4,1,0,0
360010202562,4,1,0,0
360009802084,7,3,0,0
360009802739,7,1,0,0
360010204785,7,2,0,4
360009802284,3,0,0,0
360009803117,4,0,0,0
360009802292,12,5,0,0
360012202136,11,1,0,0
360012202600,0,0,0,0
360009802319,13,2,0,0
360010004611,18,5,7,11
360012301790,0,0,0,0
360009802340,8,0,0,0
360010102162,1,0,0,0
360009802386,3,0,0,0
360012302365,11,7,6,5
360009804895,12,3,0,0
360010202022,2,1,2,0
360009902608,2,0,0,0
360009902709,2,3,0,0
360010202071,6,2,0,0
360012302369,3,1,0,0
360010202330,4,3,0,0
360010002236,8,1,4,4
360010202352,3,1,0,2
360010002881,0,0,0,0
360010004734,5,0,0,0
360010202470,6,0,0,0
360012302516,12,2,0,0
360010005534,0,0,0,0
360013502305,6,3,0,0
360010005832,31,4,9,19
360012302531,2,0,0,0
360010005935,0,0,0,0
360012301948,0,0,0,0
360010101408,4,2,2,0
360012204175,2,0,0,0
360012302208,0,0,0,0
360012204892,15,2,0,0
360012302265,4,2,0,0
360012205727,1,0,0,0
360012302268,5,3,0,0
360012205879,3,0,0,0
360012205980,1,0,0,0
360012302273,1,0,0,0
360012301972,2,0,0,0
360009805245,9,3,0,0
360012302278,1,0,0,0
360009805828,22,5,0,0
360012302345,1,1,0,0
360009805829,22,5,0,0
360009902183,2,1,0,2
360012302392,2,0,0,0
360009902428,1,0,0,0
360005504777,9,0,5,4
360012302460,9,1,0,0
360013502843,2,0,0,0
360013502858,0,0,0,0
360012302704,14,4,0,0
360013504699,1,0,0,0
360012302190,3,1,0,0
360012302863,3,0,0,0
360012302198,3,0,0,0
360012304352,6,3,0,0
360012302454,1,1,0,0
360012302732,3,0,0,0
360012305269,1,0,0,0
360012305831,4,2,0,0
360012305731,8,1,0,0
360012305883,1,1,0,0
360012305899,10,1,0,0
360010202606,3,0,0,0
360010102169,1,0,0,0
360010203146,7,5,0,0
360009801406,1,0,0,0
360012302558,9,1,0,0
360013502770,3,0,0,0
360013504781,2,1,0,0
360010202536,9,4,0,3
360010202544,8,1,0,0
360009802423,14,3,0,0
360009804146,0,0,0,0
360009902642,0,0,0,0
360009902646,4,0,0,0
360009902687,2,0,0,0
360009902693,7,2,0,0
360009902716,0,0,0,0
360010002008,0,0,0,0
360010002297,0,0,0,0
360010002317,7,2,0,0
360010005297,0,0,0,0
360010101997,12,6,6,3
360010102158,2,0,0,0
360010102506,0,0,0,0
360010102617,4,6,0,0
360010202451,6,0,0,0
360010202514,11,11,0,0
360013504354,3,0,0,0
360012201950,14,0,0,14
360012202109,2,0,0,0
360012202119,4,2,0,3
360012202314,7,1,0,0
360012202592,13,3,0,0
360009802038,6,1,0,0
360009802337,11,3,0,0
360009802343,8,2,0,0
360009802349,2,0,0,0
360009802551,7,1,0,0
360009802678,6,3,0,0
360009804609,6,0,0,0
360009804896,0,0,0,0
360009801915,0,0,0,0
360009802103,5,3,0,0
360009802263,5,0,0,0
360009802464,6,1,0,0
360009802521,4,0,0,0
360009802860,6,0,0,0
360009803154,5,1,0,0
360009902726,1,0,0,0
360009905567,3,0,0,0
360009805564,7,3,0,0
360010002213,1,4,0,0
360009805726,7,1,0,0
360010002567,4,0,0,0
360009901917,2,1,0,0
360010002614,8,0,0,0
360010002723,14,3,0,0
360010003176,4,1,0,0
360010102153,9,0,0,0
360010102166,5,0,1,3
360010102532,4,0,0,0
360010102666,3,0,0,0
360010202045,3,0,0,0
360010202309,1,0,0,1
360010202416,4,0,0,1
360010202466,11,0,0,0
360010202527,5,0,0,3
360009804563,5,2,0,0
360009805244,0,0,0,0
360009902203,2,0,0,0
360009902281,7,0,0,0
360009902358,6,0,0,0
360009902568,1,0,0,0
360009902580,5,0,0,0
360013504481,8,3,7,1
360012202115,1,0,0,0
360012202650,1,0,0,0
360012202661,3,0,0,1
360012202664,2,0,0,0
360012205503,30,2,0,18
360012302728,7,5,0,0
360010202594,11,2,0,8
360010202688,3,0,0,3
360012200954,2,2,0,0
360012202476,2,0,0,2
360009902610,11,1,0,0
360010102438,11,5,0,0
360012202589,5,4,0,0
360012302405,7,0,0,0
360009802081,0,0,0,0
360010301827,0,0,0,0
360010302035,0,0,0,0
360010302044,2,0,0,0
360010302052,0,0,0,0
360010302055,0,0,0,0
360010302082,3,0,2,0
360010302102,1,0,0,0
360010302107,1,0,0,1
360010302113,2,0,0,0
360010302118,0,0,0,0
360010302127,0,0,0,0
360010302137,16,3,0,0
360010302142,1,0,0,0
360010302149,3,1,0,0
360010302171,0,0,0,0
360010302186,4,0,0,0
360010302189,5,0,0,0
360010302196,0,0,0,0
360010302220,2,0,0,0
360010302229,0,0,0,0
360010302247,2,0,0,0
360010302861,1,0,0,0
360010304816,0,0,0,0
360010305548,1,0,0,0
360013500957,13,29,0,0
360013502124,0,0,0,0
360013502170,1,0,0,0
360013502864,18,3,0,0
360010305835,0,0,0,0
361407001519,3,0,0,0
360010301939,2,0,0,0
360010301966,12,3,10,0
360010301970,0,0,0,0
360010301973,11,4,0,0
360010301974,1,0,0,0
360010302046,4,0,1,0
360010302051,0,0,0,0
360010302057,0,0,0,0
360010302062,2,0,0,0
360010302075,3,0,0,0
360010302086,5,0,0,0
360010302090,4,2,0,0
360010302097,1,1,1,0
360010302110,0,0,0,0
360010302120,0,0,0,0
360010302130,0,0,0,0
360010302146,1,0,0,0
360010302159,3,0,0,0
360010302165,0,0,0,0
360010302174,0,0,0,0
360010302201,4,4,0,0
360010302206,4,0,0,0
360010302214,10,2,0,0
360010302216,0,0,0,0
360010302233,3,0,0,0
360010302234,1,1,0,0
360010302239,2,0,0,0
360010302257,1,1,0,0
360010302286,0,0,0,0
360010302850,0,0,0,0
360010302878,2,0,0,0
360010302883,0,0,0,0
360013500554,0,0,0,0
360010303394,1,0,0,0
360010304186,3,1,0,0
360010304526,0,0,0,0
360010300962,5,0,0,0
360009102809,3,0,0,0
360013500806,1,0,0,0
360015101947,0,0,0,0
360015102036,9,3,0,0
360015102421,3,0,0,0
360015102471,4,1,0,0
360015102575,12,4,0,0
360015201943,5,1,0,0
360015202346,1,0,0,0
360015202367,6,1,0,0
360015202378,1,0,0,0
360015202447,4,1,0,0
360015202645,8,4,0,0
360015202702,5,3,0,0
360015202734,6,3,0,0
360015202754,12,2,0,0
360015202797,0,0,0,0
360015202888,8,0,0,0
360015204312,0,0,0,0
360015302009,3,0,3,0
360015302507,10,1,0,0
360015302662,6,2,0,0
360015302665,3,1,0,0
360009602790,4,0,0,0
360009702000,10,2,0,0
360009502815,16,7,0,0
360009502833,6,0,0,0
360009504359,13,9,0,0
360009602283,0,0,0,0
360011902116,0,0,0,0
360015302697,1,0,0,0
360015302768,9,2,0,0
360015302852,1,0,0,0
360015302873,0,0,0,0
360015102585,3,0,0,0
360015102587,19,0,0,0
360015102641,4,0,0,0
360015102689,8,3,0,0
360015103006,11,0,8,3
360009200826,52,15,43,10
360009202151,3,0,0,3
360009205243,1,0,0,0
360009205497,2,0,0,0
360009205502,3,0,0,3
360009401921,6,1,5,1
360009402108,4,4,0,0
360009402823,13,3,0,0
360009502348,14,5,0,0
360009502725,13,2,0,0
360009502798,5,0,0,0
360009502832,0,0,0,0
360009505711,7,1,0,0
360009601930,0,0,0,0
360012002684,6,6,0,0
360012003000,0,0,0,0
360009100867,15,2,0,0
360009101371,15,2,0,0
360009102195,6,4,0,0
360009102280,0,0,0,0
360009102356,5,1,0,0
360009105696,2,0,0,0
360015201906,0,0,0,0
360015202676,8,5,4,0
360015202708,4,1,0,0
360015202713,15,6,0,0
360015202715,7,1,2,0
360015202736,6,1,0,0
360015202792,0,0,0,0
360015202807,6,1,0,0
360015203107,9,6,0,0
360015302748,5,0,0,0
360015302769,3,0,0,0
360012102819,0,0,0,0
360013502825,0,0,0,0
360015102638,5,0,0,0
360015102682,2,0,0,0
360015102775,6,3,0,0
360012001954,1,0,0,0
360012001998,3,1,3,0
360009602496,10,3,7,3
360009602701,4,0,0,0
360009602707,0,0,0,0
360009602721,6,0,0,0
360009602745,9,5,0,0
360009602759,6,3,0,0
360009602782,8,1,0,0
360009602786,6,5,0,0
360009202359,11,1,3,8
360009202602,6,1,1,5
360009202740,12,3,0,0
360012002296,2,0,0,0
360012002406,1,0,0,0
360012002538,8,6,0,0
360012002595,26,6,20,6
360012002710,1,0,0,0
360012002712,5,2,0,0
360012002730,0,0,0,0
360012002800,6,1,0,0
360012002810,7,11,0,0
360012002820,3,0,0,0
360006804870,18,3,6,12
360007600624,13,5,0,0
360007604873,2,2,0,0
360007605614,8,5,0,0
360007605615,8,2,0,0
360007605616,8,5,0,0
360007605618,0,0,0,0
360007605621,0,0,0,0
360007605763,17,2,6,11
360007605863,8,5,0,0
360007700582,0,0,0,0
360007700586,15,1,6,9
360007700649,24,0,0,0
360007702877,2,0,0,0
360007702914,12,3,9,3
360007703331,33,7,18,0
360007704356,7,1,0,0
360007704401,12,3,9,3
360007704402,4,0,0,0
360007705084,25,4,11,14
360007705085,19,2,0,0
360007705499,8,3,0,0
360007705500,0,0,0,0
360007705532,8,3,0,0
360007705539,1,0,1,0
360007705623,8,3,0,0
360007705625,4,0,0,0
360007701723,0,0,0,0
360007702034,14,0,0,0
360007702177,1,0,0,1
360013905776,0,0,0,0
360014005777,33,11,6,25
360014105778,23,7,3,20
360014205779,38,8,0,0
360015805847,1,0,0,0
360016705891,12,2,0,12
360016905862,0,0,0,0
360017105932,0,0,0,0
360007702635,0,0,0,0
360007803552,1,0,0,0
360007803579,0,0,0,0
360007803607,0,0,0,0
360007805114,0,0,0,0
360007805505,0,0,0,0
360007805524,13,3,0,0
360007805627,9,6,2,6
360007705626,0,0,0,0
360007705770,8,3,0,0
360007705771,8,3,0,0
360007800687,9,6,2,6
360007802308,0,0,0,0
360007802525,8,0,2,6
360007802593,0,0,0,0
360007900638,22,6,7,15
360007902246,21,5,8,13
360007902324,0,0,0,0
360007905631,0,0,0,0
360007905632,15,4,0,0
360007905633,22,6,7,15
360008105636,6,1,0,3
360012002824,7,2,5,2
360012004316,8,1,4,4
360012102590,9,2,0,0
360009602791,0,0,0,0
360009602795,7,0,0,0
360015302007,1,0,0,0
360015302549,1,0,0,0
360015302660,11,5,4,3
360015302717,12,5,6,0
360015302752,6,2,0,0
360015302814,6,0,0,0
360012102794,0,0,0,0
360012102805,3,1,0,0
360012102822,4,0,0,1
360012105242,9,0,0,0
360015302854,4,1,0,0
360012002006,0,0,0,0
360012002080,21,4,14,0
360015102724,13,4,7,6
360009202072,5,1,1,4
360009202557,1,0,1,0
360007601275,13,5,0,0
360009204474,0,0,0,0
360007603352,10,1,0,0
360009402128,3,1,0,0
360007603680,2,1,0,0
360009402178,8,6,0,0
360007604869,4,2,0,0
360007700585,15,1,6,9
360009402320,6,4,0,0
360009402499,5,0,0,0
360007700595,9,2,5,3
360007700692,7,0,0,0
360009402779,0,0,0,0
360009702199,4,0,0,0
360007701713,23,2,4,19
360009702400,6,3,0,0
360007701720,8,2,3,3
360007701934,3,0,2,0
360009702434,7,2,0,0
360007702049,11,0,0,0
360009702526,10,0,0,0
360007702058,6,0,0,6
360009702543,5,3,0,0
360007702152,16,4,11,5
360009702806,7,2,0,0
360007702540,5,0,0,0
360009702830,8,3,0,0
360009704887,0,0,0,0
360009402812,7,0,0,0
360009501937,5,2,0,0
360009502262,21,4,1,1
360009502649,13,3,0,0
360009502656,4,0,0,0
360012102299,12,7,0,0
360012102501,5,2,0,0
360012102559,9,2,4,1
360007704405,7,0,0,5
360009102069,7,2,0,0
360007704454,46,4,21,25
360009102074,0,0,0,0
360007705522,12,3,8,2
360009102243,2,1,0,0
360009102315,8,3,0,0
360007705622,0,0,0,0
360009102478,6,4,0,0
360009104523,0,0,0,0
360011902096,6,1,0,0
360011902255,14,5,7,7
360011902445,2,0,0,0
360011902533,9,8,5,0
360011902668,15,2,8,0
360011902764,5,0,0,0
360012102623,0,0,0,0
360009704888,0,0,0,0
360009705555,4,0,0,0
360013504319,20,4,7,13
360009504882,5,1,0,0
360007804458,19,2,7,12
360008105637,45,9,4,39
360008105758,9,6,1,8
360008105780,5,0,0,0
360008105945,5,3,2,3
360008205526,0,0,0,0
360008300519,0,0,0,0
360008300523,2,0,2,0
360008301265,20,1,0,0
360008302472,32,3,7,19
360008302609,10,1,0,0
360008302648,10,0,4,6
360008302658,2,0,0,0
360008302872,5,2,0,5
360008303681,3,0,0,0
360008305648,6,2,0,0
360007802655,22,3,12,10
360007803550,0,0,0,0
360008304872,3,0,2,0
360008305642,20,6,11,8
360004704413,4,0,2,2
360007700116,20,6,6,14
360007700583,0,0,0,0
360007700691,7,2,5,2
360007701299,1,0,0,1
360007701949,0,0,0,0
360007702253,48,6,7,41
360007703548,42,5,15,27
360007703646,15,1,6,9
360007703705,0,0,0,0
360007704407,0,0,0,0
360007704408,1,0,0,1
360007704410,0,0,0,0
360007800592,0,0,0,0
360007803572,0,0,0,0
360007803616,0,0,0,0
360007902083,16,2,4,12
360007902294,18,6,8,10
360007902919,16,3,2,14
360007904448,22,6,7,15
360008102577,16,0,3,9
360008102938,6,1,0,3
360008104436,5,3,2,3
360008300152,3,1,3,0
360008301676,17,7,6,5
360008302519,6,1,0,0
360008303685,3,0,0,0
360008303691,3,0,0,0
360008305782,3,1,3,0
360008305784,3,1,3,0
360008305871,3,0,0,0
360008305878,21,6,0,15
360008305990,10,1,0,0
360013502601,17,7,4,13
360013503340,12,1,5,7
360007802327,0,0,0,0
360010905641,0,0,0,0
360008705496,2,0,0,0
360013504780,45,9,4,39
360014305781,0,0,0,0
360005304411,36,4,16,0
360007602411,7,0,0,0
360007602492,5,2,0,0
360007604868,11,2,0,0
360007700700,14,0,0,0
360007702433,0,0,0,0
360008702016,2,0,0,0
360007902061,10,2,3,7
360007902223,38,8,0,0
360007902366,0,0,0,0
360007902387,4,2,2,2
360007902418,27,5,0,0
360007902560,1,0,0,0
360007902694,15,4,0,0
360007902927,26,6,9,13
360007904412,26,6,9,13
360007904518,6,1,0,0
360007905530,0,0,0,0
360007905634,6,1,0,0
360008101993,0,0,0,0
360008102141,45,9,4,39
360008102164,15,1,7,8
360008102176,1,0,0,0
360007805113,0,0,0,0
360007805630,0,0,0,0
360008102462,0,0,0,0
360007805638,32,6,9,23
360008300528,19,6,11,5
360007805773,23,1,0,13
360007805774,0,0,0,0
360008300551,7,3,1,3
360007902200,23,7,3,20
360008302374,1,0,0,0
360007705624,0,0,0,0
360007705767,46,4,21,25
360008302431,12,2,0,6
360007705768,11,0,0,0
360007705769,0,0,0,0
360008305647,2,1,0,0
360007705772,12,3,9,3
360007802197,0,0,0,0
360013504596,4,2,0,0
360007702862,18,3,3,13
360007703328,33,7,18,0
360007802335,11,0,8,3
360007902605,10,1,4,6
360007802539,0,0,0,0
360007803551,0,0,0,0
360007905635,10,1,4,6
360008005528,3,0,0,0
360008302485,2,0,0,0
360008102475,10,1,0,0
360008302546,10,1,0,0
360008105116,7,3,0,0
360008303692,3,0,0,0
360008105639,6,1,0,3
360008304305,1,0,0,0
360008105900,0,0,0,0
360013501932,5,0,0,0
360008304517,14,2,0,0
360013502026,24,0,0,0
360008305645,2,1,0,0
360013502733,7,2,5,2
360003904439,0,0,0,0
360013504807,11,1,2,9
360013605765,0,0,0,0
360013705766,12,2,0,0
360013805775,0,0,0,0
360008305646,2,1,0,0
360008305783,2,0,0,0
360008305909,6,1,0,0
360008305989,2,0,0,2
360009105563,6,2,0,0
360008105944,0,0,0,0
360008304451,12,5,7,4
360008305643,17,3,12,5
360008305644,17,3,12,5
360010805640,36,12,7,28
360008705188,2,0,0,0
360008705678,2,0,0,0
360006104438,0,0,0,0
360013504815,7,2,0,0
360007600695,0,0,0,0
360007602087,0,0,0,0
360007602101,17,2,6,11
360007602104,7,1,0,0
360007602157,1,0,0,0
360007602270,0,0,0,0
360007602502,5,2,0,0
360007602511,18,3,0,0
360007602515,12,2,0,0
360007603508,0,0,0,0
360007605617,8,2,0,0
360007605619,11,2,0,0
360007605620,11,2,0,0
360007700584,16,3,8,4
360007700668,13,2,1,12
360007701297,15,1,6,9
360007701911,48,6,7,41
360007702039,27,2,1,26
360007702042,25,1,0,0
360007702047,6,2,0,0
360007702885,8,0,0,0
360007703348,15,1,6,9
360007704447,1,0,0,1
360007704778,22,4,7,15
360007705112,9,2,3,6
360007802640,0,0,0,0
360007802700,0,0,0,0
360007702187,17,1,0,0
360007702458,3,1,0,0
360007702468,4,0,0,0
360007702480,8,0,0,0
360007900593,0,0,0,0
360007902407,10,2,2,8
360007902929,15,6,7,8
360013502870,0,0,0,0
360007702569,7,0,0,5
360007702597,19,1,8,11
360007702675,42,5,15,27
360007702856,18,3,3,13
360007702871,1,0,1,0
360007905998,16,6,7,9
360095306018,0,0,0,0
360095406017,19,5,4,15
360095606025,5,1,0,0
360007606021,13,5,0,0
360007706065,9,2,5,3
360007706077,8,0,0,0
360096206037,16,6,7,9
360007906003,0,0,0,0
360007906016,18,5,5,9
360007906022,0,0,0,0
360008406020,0,0,0,0
360008706010,2,0,0,0
360008706015,10,2,0,0
360008706057,10,2,0,0
360009006002,2,0,0,0
360009006030,1,0,0,0
360009006075,1,0,1,0
360095506027,3,2,0,0
360095906073,5,1,1,2
360096006013,7,2,0,0
360096306039,0,0,0,0
360096706008,0,0,0,0
360095206000,3,0,0,0
360095806007,0,0,0,0
360096806074,10,5,5,0
360008105934,10,3,4,6
360007705764,23,0,8,11
360008405873,9,13,0,0
360008505652,20,3,0,0
360010204894,11,1,0,9
360007900579,23,7,3,20
360008805810,2,0,0,0
360015205823,2,0,0,0
360015205926,2,0,0,0
360008605865,9,2,0,0
360009005658,2,1,0,0
360009005792,23,4,16,0
360009005970,8,3,0,0
360009105930,11,7,0,1
360009505870,4,2,0,0
360099806114,6,1,0,0
360099906168,25,11,0,0
360100006112,17,1,0,0
360100106154,0,0,0,0
360100206167,5,1,0,0
360100306159,9,3,7,2
360100406101,4,2,0,0
360094806058,10,0,0,0
360097206055,10,0,0,0
360098406165,2,0,0,0
360098606161,4,1,0,0
360098706124,15,15,4,11
360100506110,0,0,0,0
360015106138,10,0,0,0
360009404079,12,6,6,3
360009506176,0,0,0,0
360009806179,9,5,0,0
360009806223,2,0,0,0
360009006218,3,0,0,0
360010006174,0,0,0,0
360010006182,21,7,11,9
360010006188,0,0,0,0
360010006209,0,0,0,0
360010006213,0,0,0,0
360010106190,3,0,0,0
360010106220,2,0,0,0
360010306184,5,3,0,0
360012306194,11,1,0,0
360012306195,4,0,0,0
360009105928,10,1,0,0
360009106029,2,0,0,0
360100906212,16,5,1,9
360101006183,1,0,0,0
360101106211,9,14,0,0
360101206219,4,2,0,0
360101306203,4,0,0,0
360101406171,0,0,0,0
360009406049,5,0,0,0
360101506206,0,0,0,0
360101606201,13,4,0,0
360009406050,6,5,0,0
360101706172,3,0,0,0
360101806192,0,0,0,0
360009406061,5,0,0,0
360012106175,11,1,0,0
360009501347,4,2,0,0
360101906215,3,0,0,0
360009504813,5,0,0,0
360008406041,0,0,0,0
360102306232,10,1,2,3
360008506081,0,0,0,0
360102406241,12,1,2,0
360102506233,5,3,0,0
360009606009,2,0,0,0
360010206186,5,0,0,0
360009606023,0,0,0,0
360015106196,11,4,7,4
360009606042,2,1,0,0
360015106197,6,0,0,0
360009606052,13,4,0,0
360015106198,2,0,2,0
360015106199,10,4,7,3
360009606054,0,0,0,0
360102806237,11,2,8,3
360009606059,13,4,0,0
360102906236,8,0,0,0
360009806004,22,5,0,0
360103006230,3,0,0,0
360009806028,2,2,0,0
360103106238,10,1,0,0
360103206229,27,8,9,6
360009806040,5,0,0,0
360103306240,31,8,19,3
360009806060,1,0,0,0
360009806066,2,2,0,0
360009806084,2,2,0,0
360010206070,1,0,0,0
360012005931,1,0,0,0
360012006031,1,0,0,0
360012006045,1,0,0,0
360007706105,8,0,0,0
360007706108,6,1,3,3
360007706125,36,3,14,22
360012006046,1,0,0,0
360007706126,0,0,0,0
360012105994,12,2,5,5
360012105997,11,9,0,0
360012106012,6,1,0,0
360012106026,6,1,0,0
360012106064,11,9,0,0
360012106078,6,3,0,0
360094906082,7,0,0,0
360095706068,4,0,0,1
360096106071,8,2,0,0
360096406038,16,2,4,12
360096506044,4,2,0,0
360012204610,8,0,0,0
360012206032,2,0,0,0
360012305999,5,2,0,0
360007806115,14,2,6,8
360012306036,3,1,0,0
360007806135,0,0,0,0
360012306047,0,0,0,0
360012306079,5,2,0,0
360010006005,0,0,0,0
360010006067,6,2,0,0
360007806145,0,0,0,0
360096606069,5,1,0,0
360007806146,0,0,0,0
360096906014,8,1,0,0
360007806148,0,0,0,0
360010306006,0,0,0,0
360007906096,10,2,3,7
360010306024,0,0,0,0
360008106116,10,3,4,6
360010306035,2,0,0,0
360008706141,10,2,0,0
360011906033,0,0,0,0
360011906080,3,0,0,0
360007706130,16,3,0,0
360102606235,9,2,0,0
360102706234,6,1,0,0
360103406224,19,10,0,0
360008400749,9,4,0,0
360103506226,4,5,0,0
360008405189,4,2,2,0
360103606225,5,0,0,0
360008406056,10,2,0,0
360103706228,4,1,0,0
360008506221,5,2,0,0
360103806242,21,12,0,0
360008806217,10,4,0,0
360007705560,5,2,0,0
360007706178,8,0,3,0
360007706191,8,0,0,0
360007706193,0,0,0,0
360007706207,27,2,1,26
360007706210,7,0,0,5
360009106205,0,0,0,0
360007706158,17,3,6,0
360007706166,0,0,0,0
360007806185,0,0,0,0
360007706169,15,1,0,0
360009006133,8,4,0,0
360009006160,1,0,0,0
360007806187,10,2,0,5
360009006163,6,1,0,0
360009106164,5,0,0,0
360008706142,12,2,0,0
360008806107,3,1,0,0
360008806129,0,0,0,0
360008806144,37,3,15,0
360009206111,12,7,5,7
360009206143,6,1,0,0
360009406122,5,0,0,0
360015106120,10,0,0,0
360008606113,10,2,0,0
360008606121,10,2,0,0
360008606132,3,0,0,0
360008606150,3,0,0,0
360009606152,6,3,0,5
360009606155,4,2,0,3
360008306099,6,3,3,1
360008506156,9,3,0,0
360008506162,0,0,0,0
360010306149,4,0,0,0
360012006100,2,0,0,0
360012006118,7,1,0,0
360012006153,1,0,0,0
360012306104,2,0,0,0
360012306106,3,0,0,0
360012306127,3,0,0,0
360098906097,7,3,5,2
360099106123,0,0,0,0
360099306157,6,2,0,0
360099406151,16,3,10,6
360099506103,1,0,0,0
360099606147,0,0,0,0
360105206271,3,0,0,0
360105306289,9,5,0,0
360105406295,7,2,0,0
360009206279,24,8,0,0
360009206292,15,0,7,8
360009506200,36,7,34,19
360009506273,10,3,0,0
360008406253,2,0,0,0
360008506258,3,2,0,0
360008106257,14,3,2,12
360008706247,8,0,0,0
360012006280,5,1,0,0
360012106288,4,0,0,1
360012306277,8,1,0,0
360008706297,12,2,0,0
360008806245,4,3,0,0
360008806249,0,0,0,0
360008806259,6,3,0,0
360008806270,4,3,0,0
360010006283,0,0,0,0
360007606296,10,1,0,0
360010006284,19,2,0,0
360010106285,5,2,0,0
360010106286,0,0,0,0
360009006261,10,1,0,0
360009006266,10,1,0,0
360009006275,23,4,16,0
360009006276,1,0,0,0
360103906260,0,0,0,0
360104106263,2,0,0,0
360007706251,0,0,0,0
360104206252,22,6,7,15
360008106256,7,4,3,4
360104306268,18,1,0,0
360104406248,13,8,0,0
360104506244,1,1,0,0
360104706254,2,0,0,0
360104806255,7,0,0,0
360104906265,11,1,0,0
360105006293,7,1,0,0
360009706274,4,0,0,0
360009806278,0,0,0,0
BB963781,0,0,0,0
BB963874,7,9,0,0
BB981088,19,0,0,0
A0107454,3,1,3,0
A0107582,7,0,0,0
A0107874,6,1,2,2
A0107913,6,0,0,0
A0107936,6,3,0,0
A0302188,7,0,0,0
BB061130,9,0,0,0
A0302206,4,2,0,0
00925671,6,3,0,0
A0302209,0,0,0,0
01607578,16,7,8,0
BB061156,0,0,0,0
BB021405,10,6,8,0
A9300691,0,0,0,0
A0302319,12,0,0,0
00925106,16,2,0,0
00938206,10,1,0,0
A0502398,29,9,12,10
00925037,2,0,0,0
A0302336,0,0,0,0
00925875,16,6,0,0
A0502402,4,1,0,0
A9903221,20,3,9,0
A9702456,7,3,4,3
BB963838,0,0,0,0
A0502522,7,2,0,0
00924951,5,3,0,0
00935715,0,0,0,0
A0502525,0,0,0,0
02046054,12,3,0,5
00925128,2,1,2,0
00938465,10,1,0,0
A9300665,12,3,0,0
A0509133,4,0,1,3
00925117,1,0,0,0
A9300620,7,0,0,0
00925423,0,0,0,0
A0509136,39,14,20,19
00935205,8,3,0,0
BB981072,46,10,42,37
00925092,15,1,0,1
A0701596,1,1,0,0
A9303708,7,2,4,3
00924882,5,1,0,0
A0701652,1,0,0,0
00924496,4,0,0,0
A9903217,9,4,5,3
A0701682,7,2,0,0
00924656,2,0,0,0
00941445,4,1,0,0
00941434,9,3,0,0
02046032,15,4,0,0
00925321,0,0,0,0
00943737,0,0,0,0
A9300645,21,4,0,0
00939924,5,3,5,0
00924292,17,3,9,6
A9702526,20,7,10,4
00938454,6,0,0,0
00935588,1,0,1,0
A9903303,9,3,7,2
00924893,0,0,0,0
A9105123,12,0,0,0
BB041114,5,2,0,0
A9903219,7,2,0,0
A9105071,14,4,0,0
BB041224,20,8,12,15
00942245,0,0,0,0
02047943,0,0,0,0
BB061072,16,3,0,0
AA001675,8,2,0,0
00925048,2,0,0,0
BB061091,2,6,0,0
00925015,0,0,0,0
00924725,3,0,3,0
BB061133,7,1,0,3
00924441,11,2,0,0
00937133,3,1,0,0
BB061144,8,2,0,0
02047717,8,1,0,0
A9300670,6,1,0,3
00925274,4,1,0,0
01904107,11,2,0,4
BB081260,3,0,0,0
A9104866,1,0,0,0
BB081273,2,0,0,2
00925809,0,0,0,0
K9304063,0,0,0,0
00925853,6,0,0,0
00926427,6,3,2,4
BB081280,22,2,0,0
00926507,12,4,0,0
00924634,6,6,0,1
BB081303,7,3,0,0
00925081,0,0,0,0
00924215,3,0,0,0
BB963294,9,0,1,7
00941478,14,4,0,0
AA890622,19,6,0,0
BB963353,6,2,0,0
BB981066,24,3,0,5
BB963626,6,2,0,3
BB963544,13,6,3,0
BB940396,2,0,0,0
K9500356,11,3,8,2
00926416,5,0,0,0
A0701591,5,0,4,1
00935577,17,3,0,0
BB963250,23,6,12,11
00926212,5,2,0,0
00938691,1,0,0,0
A0302265,9,0,0,0
A0508005,5,2,0,0
02046484,8,5,7,1
AA890630,10,1,0,0
00926391,3,1,0,0
00926438,17,7,0,0
00943679,5,2,3,1
00938319,5,1,0,0
BB041209,0,0,0,0
00924248,0,0,0,0
01607454,0,0,0,0
AA001663,8,2,0,0
BB963607,18,8,0,0
00941219,28,22,22,0
00925343,2,2,0,0
BB041233,19,1,10,9
BB981108,8,6,6,2
A0502554,0,0,0,0
BB963756,8,1,0,0
00925354,10,3,0,0
00925547,1,0,0,0
A9105125,3,0,0,0
A0701697,19,9,0,0
00925558,6,0,0,0
A9104780,2,0,0,0
A0107707,5,4,0,0
00935872,1,0,0,0
BB981100,10,3,0,0
A0502612,0,0,0,0
00938578,2,2,1,0
00935511,9,4,3,6
A0701654,0,0,0,0
00943894,6,0,0,0
A9702490,12,7,7,5
00944253,9,1,3,0
00943919,14,5,8,4
A0740096,0,0,0,0
00925467,0,0,0,0
00942879,0,0,0,0
00925707,3,0,0,0
00935373,0,0,0,0
A9903295,10,2,0,0
00925831,0,0,0,0
A9105112,0,0,0,0
00936446,10,0,6,4
AA001198,1,0,0,0
00926063,16,1,5,11
00940237,12,1,0,0
00920301,4,0,0,0
00926074,13,1,6,7
00941161,10,1,0,0
00920232,0,0,0,0
00943409,7,2,0,0
A9104729,0,0,0,0
02047954,4,0,0,0
00920378,2,1,0,0
A0107565,0,0,0,0
A0107740,15,4,0,0
A9903226,5,2,0,0
A0502483,36,4,30,4
00920334,0,0,0,0
A9104961,9,6,0,0
00919817,9,0,2,7
A9105127,2,1,0,0
A9300668,13,8,6,5
A9503007,2,1,0,0
A9903264,0,0,0,0
BB021440,4,2,0,0
BB041319,6,2,0,0
A9105054,0,0,0,0
BB041283,15,1,0,0
A0107885,0,0,0,0
BB061153,2,0,0,0
BB081365,2,0,0,0
00941296,12,1,0,8
BB081373,2,0,0,0
00939979,8,1,0,1
BB081378,0,0,0,0
BB081386,4,0,0,0
02047353,4,0,0,0
BB912051,4,0,0,0
00920822,0,0,0,0
BB964143,5,4,4,0
A9702472,2,0,0,0
00919941,3,0,0,0
00919486,0,0,0,0
K9304081,1,0,0,0
A9104755,29,7,6,22
00922954,0,0,0,0
A0701578,0,0,0,0
00919544,12,2,2,7
00920028,4,0,0,0
A9702381,3,0,1,2
A9104709,2,2,2,0
A0502391,41,3,3,38
A9104737,23,5,16,7
A0302253,24,1,6,16
A9300689,0,0,0,0
00940612,22,0,0,11
AA001442,5,1,0,0
BB940470,7,0,0,0
BB963938,9,3,3,5
00925412,6,4,0,0
00938931,4,0,0,0
00925649,4,1,0,0
00925445,3,0,0,0
A9104970,0,0,0,0
00925842,2,0,0,0
A9104867,21,4,0,0
00925503,9,0,0,0
00925729,2,2,0,0
A9903263,0,0,0,0
BB000826,5,0,0,0
00925762,3,0,0,0
00935781,3,0,0,0
01657916,8,1,0,0
00939061,1,0,0,0
A9903289,8,2,0,0
00942041,3,0,0,0
A9104820,7,3,0,2
02046178,10,1,0,0
00936253,0,0,0,0
A0302338,18,3,0,0
AA000069,26,8,4,0
BB963334,6,2,0,0
BB963279,14,8,11,3
AA890662,14,5,10,0
K9304032,8,6,6,2
A9104975,9,4,5,2
00936264,1,0,0,0
01904173,9,1,0,0
A9104831,8,28,0,0
K9304029,5,2,0,0
02048029,0,0,0,0
00926369,0,0,0,0
00920287,4,0,0,0
00920254,2,0,0,0
00938181,6,2,0,0
BB963333,4,2,0,0
00919293,2,1,0,0
00924281,8,0,5,3
00920276,4,3,0,0
00924816,0,0,0,0
00920265,2,0,0,0
00920221,0,0,0,0
A9104699,8,0,3,5
00922852,3,1,0,0
00922025,3,0,0,0
A9105062,4,1,0,0
A9105030,16,5,0,0
00922965,1,0,0,0
01904209,0,0,0,0
00941456,0,0,0,0
00937701,0,0,0,0
00922579,0,0,0,0
00924565,5,3,0,0
00924678,6,0,0,0
00926449,12,7,0,0
00926201,20,2,5,0
00924452,1,0,0,0
A9104979,5,1,0,0
00938079,9,2,0,0
00926143,13,2,0,0
00925944,0,0,0,0
00925933,0,0,0,0
BB940402,12,1,5,7
A9104857,6,0,0,0
00924703,5,0,0,5
00926132,1,0,0,1
00937687,1,0,1,0
00924667,7,2,0,0
BB940407,0,0,0,0
A9502963,3,1,0,0
00919599,7,0,0,0
00944107,15,1,4,9
00921848,6,4,0,0
00936027,8,0,0,0
00936956,0,0,0,0
00937927,4,1,2,2
00939618,32,10,14,18
01607476,0,0,0,0
02047207,0,0,0,0
A0302291,3,2,0,0
A0302301,10,1,4,6
A0502492,35,4,13,22
A0502577,17,4,5,12
A0701603,19,3,3,16
A0701621,20,2,5,15
A9303747,38,5,15,23
A9303881,13,1,0,8
A9903185,1,0,0,1
AA001646,1,0,0,0
A0107526,16,1,5,1
A0502504,16,2,7,9
A0502592,10,1,0,0
A0701711,15,4,0,12
00925296,22,10,11,7
00925525,7,1,5,2
A0740102,12,0,4,8
A9303704,26,11,10,14
A9903261,23,4,5,18
A9503028,11,3,6,5
X0935282,11,1,4,7
00943996,0,0,0,0
00937891,4,0,0,0
A9105045,33,4,10,22
00925387,0,0,0,0
00922783,13,3,6,7
A9105034,5,0,0,0
BB964100,2,0,0,0
A9104797,6,2,0,0
A9104974,15,0,0,9
A9104937,12,2,5,7
00922433,39,7,13,26
A9105018,13,5,8,4
00920061,18,2,10,8
BB964072,23,6,13,9
00924871,0,0,0,0
00939174,13,0,6,7
BB912059,6,0,0,0
00926347,0,0,0,0
A0302186,11,1,0,4
A9903229,3,0,0,0
K9303955,2,0,1,1
00924984,1,1,0,0
00925059,17,2,0,0
00920119,12,1,9,3
00940587,5,1,0,0
A9105003,2,0,0,0
00940565,19,4,10,9
00925536,7,3,0,0
A9303745,17,4,5,10
00926267,0,0,0,0
BB964055,7,7,0,0
00920108,0,0,0,0
00925456,0,0,0,0
00943158,13,4,11,0
A9702510,7,1,4,3
00942052,16,4,1,15
A9903249,0,0,0,0
00935362,1,0,0,0
BB912090,10,2,0,0
00938261,0,0,0,0
00937304,2,0,0,0
00925434,6,1,0,0
A9105048,32,5,4,28
00926336,0,0,0,0
00925897,3,0,0,0
00941092,37,8,16,21
00925911,3,1,0,0
00925241,4,1,0,0
00925172,3,2,0,0
00939389,11,1,6,5
00925569,20,1,14,5
A9105016,3,0,0,0
A9104674,18,0,7,11
00925682,4,1,0,0
01607487,14,0,9,5
00920083,39,8,8,30
00919613,1,0,1,0
00939152,14,3,6,8
00935216,0,0,0,0
00919227,14,1,4,9
A9104809,7,4,3,4
00944093,6,0,0,0
00921928,1,2,0,1
02047364,18,0,10,7
00935963,6,1,3,3
A0502613,6,2,0,0
00920833,10,2,4,2
00922455,7,0,0,0
00922477,0,0,0,0
00921859,24,1,6,18
00941183,22,2,9,13
00941729,17,4,3,13
A9702470,13,2,6,7
01607319,18,2,10,8
A0107837,23,1,9,14
00938283,29,2,13,16
X0939378,13,1,2,9
A9502997,13,1,6,7
00939695,45,25,0,0
00939833,15,1,4,11
00919588,23,4,6,17
00939651,24,10,10,14
00920811,37,7,12,24
00922422,23,6,14,9
A0740098,0,0,0,0
A0502465,1,0,0,1
A9502938,8,1,0,0
00936355,10,1,0,0
K9303936,25,2,0,0
00919453,12,1,0,0
00919828,0,0,0,0
02161995,5,0,0,0
00936537,8,2,5,3
00940022,0,0,0,0
00920017,4,0,0,0
00922466,3,0,0,0
00919169,15,3,1,14
00921779,5,2,1,4
00942697,18,3,5,13
A0740101,0,0,0,0
00939684,12,3,1,5
00925489,9,1,5,4
A0701617,0,0,0,0
00921633,11,8,0,0
00921622,19,5,0,0
00921564,0,0,0,0
00923164,4,4,0,0
00921553,0,0,0,0
A9104949,2,0,0,0
00921407,3,1,0,0
00921484,54,7,0,0
00920946,3,0,0,0
00922207,6,0,0,0
00922218,0,0,0,0
00920968,0,0,0,0
00921575,6,3,0,0
A9300660,0,0,0,0
A0502542,13,3,0,0
00921371,13,3,0,0
00936672,8,0,0,0
00921611,2,0,0,0
00921586,47,12,15,0
00920935,5,1,0,0
00921644,0,0,0,0
A9702478,0,0,0,0
00921349,70,17,2,0
00922273,2,1,0,0
A9702471,10,7,0,0
00921542,8,1,0,0
00923051,6,12,5,0
00920902,6,1,0,0
A0302248,4,3,0,0
00919238,3,0,0,0
00940918,0,0,0,0
00919158,8,2,6,0
00922692,8,2,6,0
00919475,1,0,0,0
00922648,3,0,0,0
00920094,4,1,0,0
00919602,0,0,0,0
00922138,2,2,0,0
00924394,5,0,0,0
00924463,9,1,0,0
00924532,0,0,0,0
00924543,0,0,0,0
00924598,0,0,0,0
00926187,5,1,0,0
00935668,17,9,12,1
00936129,8,1,0,0
00943613,6,5,0,0
00924339,2,0,0,0
00937315,8,3,3,5
00938159,3,1,0,0
00942176,0,0,0,0
00942915,0,0,0,0
00943624,3,0,0,0
01904049,11,6,0,0
A0107432,20,10,6,14
A0107510,6,4,0,4
A0107513,7,1,3,4
A0107562,7,2,6,1
A0107653,6,2,0,0
A0107700,6,1,0,0
A0107783,11,1,4,6
00920888,11,1,7,0
00923062,5,0,0,0
00944173,1,0,0,0
00919373,1,0,0,0
00920855,2,0,0,0
00922251,9,0,0,0
00939276,0,0,0,0
01657789,2,0,0,0
A0701725,2,0,0,0
AA890650,0,0,0,0
A0108089,0,0,0,0
A0302251,0,0,0,0
A9104921,7,4,0,0
00921826,8,0,0,0
00922513,7,2,2,0
00938512,16,5,0,0
00919533,9,1,0,0
00921473,12,1,0,0
AA001686,0,0,0,0
00935919,0,0,0,0
01607352,12,0,0,0
00922171,0,0,0,0
00921462,4,1,0,0
00922659,0,0,0,0
00922681,0,0,0,0
00919522,5,0,0,0
00922502,2,0,0,0
00919249,11,4,10,0
00921597,6,8,0,0
X0921451,0,0,0,0
00942948,17,1,0,0
00939196,10,1,0,0
A0107860,21,5,13,3
A0302194,3,0,0,0
A0302235,4,0,0,0
A0108071,5,4,0,0
A0502451,0,0,0,0
A0502470,7,3,0,2
A0502500,12,3,0,0
A0502570,28,1,0,0
A0502598,36,9,0,0
A0502599,10,5,0,0
A0507944,11,9,0,6
A0508009,12,2,2,8
A0701589,8,1,0,0
A0701594,8,1,0,3
A0701595,35,3,9,26
A0701633,7,0,0,0
A0701680,7,0,0,0
A0701709,0,0,0,0
A0790120,13,1,0,0
A9104711,6,0,3,3
A9104784,5,3,0,0
A9104811,25,7,12,10
A9104844,9,5,0,0
A9105087,10,2,0,0
A9702395,5,2,0,0
A9903150,12,6,0,0
AA000919,6,1,0,0
AA000953,4,0,0,0
BB041118,10,3,0,5
BB041128,7,1,0,0
BB041144,7,1,6,0
BB041154,4,4,1,3
BB041226,0,0,0,0
BB041260,4,1,0,1
BB041272,15,9,0,0
BB041308,0,0,0,0
BB061076,22,5,0,0
BB081206,7,3,6,1
BB963440,9,1,0,0
BB963579,9,1,9,0
BB963601,5,1,0,0
00921393,5,0,0,0
A0902362,18,3,1,17
A0902400,0,0,0,0
00926325,2,0,0,0
00919566,2,0,1,1
01904184,10,2,0,0
00935544,33,8,8,3
00922604,3,0,0,0
00937803,0,0,0,0
00938272,22,3,0,14
00939072,24,2,12,12
00935566,14,3,0,0
00935861,0,0,0,0
00936413,0,0,0,0
00942438,6,3,0,0
00919511,29,18,3,25
00919883,9,1,0,0
00921382,0,0,0,0
00921917,13,0,1,5
A0502423,5,0,0,0
00936275,1,0,0,0
A0971529,2,0,0,0
A9702356,7,3,0,0
A9903238,5,0,0,0
A0701608,33,1,9,11
A0701731,1,0,0,0
A0107872,4,0,0,0
A9104913,2,0,0,0
A9300626,8,0,0,0
A9300684,0,0,0,0
A0971586,1,1,0,0
A0971589,15,9,0,0
01903963,10,1,0,0
00939094,7,0,0,0
A0107447,4,0,0,0
00942722,0,0,0,0
A0701599,4,0,0,0
A0701707,9,0,0,0
A0740097,0,0,0,0
A0502407,0,0,0,0
BB101051,20,2,3,2
BB101093,4,1,2,2
BB101104,11,4,0,0
A0902326,2,0,0,0
A0902331,0,0,0,0
A0902348,15,7,1,14
A0902349,3,0,0,0
00919952,8,3,0,0
00920006,6,0,0,3
00920196,5,3,0,0
00920243,7,0,0,0
BB101113,0,0,0,0
BB963538,0,0,0,0
A0971582,8,6,0,0
A0902352,4,0,0,0
A0902361,9,3,7,2
A0902364,8,1,5,2
A0902373,23,8,12,0
A0302183,1,0,0,0
A0302300,19,6,6,7
A0502488,16,2,0,0
A0502571,0,0,0,0
A0990087,10,2,0,0
A0502614,10,1,0,0
00939141,0,0,0,0
00942267,6,3,0,0
A0508014,10,1,7,3
A0509129,16,5,8,8
A9104665,15,1,0,0
A0701637,8,3,0,0
A0701653,8,1,0,0
A9903146,3,0,0,0
AA890707,4,0,0,0
BB041161,24,8,0,0
BB041276,0,0,0,0
BB081245,24,14,0,0
BB101060,7,1,0,0
BB101103,17,1,5,4
BB101107,5,1,0,0
K9304074,2,4,0,0
Y0936628,16,4,10,0
A0902269,7,2,0,0
A0902270,9,1,0,0
A0902283,11,2,0,0
A0902315,16,4,10,0
A0902318,31,6,2,27
A0902322,15,3,0,0
A0902392,5,0,0,0
A0107548,22,4,12,10
A0902279,23,6,0,21
A0902296,5,1,0,2
A0902439,14,1,8,6
A0971530,1,0,0,0
A9104914,2,0,0,0
A0502424,12,3,10,1
A0508010,7,3,0,0
BB000817,2,0,0,0
A9903137,0,0,0,0
A9903297,5,0,0,0
BB041112,20,15,16,2
BB041309,8,1,0,0
BB081358,4,0,3,0
A0302192,10,1,0,0
A0302227,12,3,0,10
BB041277,0,0,0,0
BB061148,6,1,5,0
BB081253,0,0,0,0
BB101004,9,1,0,0
BB101011,2,0,0,0
BB940557,3,3,3,0
BB121449,8,3,0,0
BB121461,10,6,0,0
BB121462,0,0,0,0
BB121471,7,3,5,2
BB121474,20,10,6,14
BB121487,4,1,0,0
BB121497,5,0,0,0
BB121521,0,0,0,0
BB121531,0,0,0,0
BB121533,0,0,0,0
BB121545,15,0,9,6
BB121553,4,2,0,0
BB121569,4,0,3,1
BB121571,16,1,0,0
BB121591,10,4,0,0
BB121609,13,2,0,0
BB121611,21,4,13,8
BB121614,12,4,4,0
BB121617,3,2,3,0
BB121621,0,0,0,0
BB121623,2,1,0,0
BB121670,39,7,9,5
BB121671,4,0,0,0
BB121674,2,0,0,0
BB121683,0,0,0,0
BB121726,16,2,0,0
BB121733,1,0,0,0
BB121736,2,0,0,0
BB121753,6,0,0,0
BB121759,0,0,0,0
BB121760,4,0,0,0
BB121761,7,6,0,0
BB121767,0,0,0,0
BB121771,3,0,0,0
BB121798,4,2,1,3
BB121817,28,3,5,14
BB121823,7,0,0,0
BB121826,19,3,3,16
00943566,17,16,13,3
A1101658,37,9,0,0
A1101620,13,4,0,0
BB963925,12,7,0,0
A1101659,1,0,0,0
A1101734,22,7,0,0
A9104815,13,6,0,0
A1101662,0,0,0,0
A0902294,9,0,3,6
00920141,6,2,0,0
BB081219,3,0,0,0
00942201,1,0,0,0
A1101665,0,0,0,0
A1171233,3,0,0,0
BB963585,11,4,0,0
A1101740,14,1,4,9
A1101741,3,0,0,0
A0507969,9,0,0,1
BB041180,9,1,0,0
A0302232,14,4,0,0
BB101073,3,0,0,0
00935533,7,0,0,0
A1101669,15,1,0,0
A1101745,5,1,0,0
00926234,2,1,0,0
00942857,12,0,0,0
A9105144,10,1,0,0
00920185,0,0,0,0
A1101747,6,2,0,0
A0902444,0,0,0,0
A0107611,6,1,0,0
A1101674,12,1,10,0
A1101676,0,0,0,0
A0302240,7,1,3,4
A9903214,17,2,15,2
A1101685,22,4,5,17
00940703,6,5,0,0
00943395,6,1,0,0
BB081208,20,7,11,9
A1101695,2,0,0,0
A1101696,0,0,0,0
K9303939,5,1,2,3
A1101700,6,0,0,0
00936162,0,0,0,0
AA001438,9,0,0,0
A1101624,13,2,0,0
A1101628,7,3,0,2
BB041254,0,0,0,0
BB021353,0,0,0,0
A1101630,0,0,0,0
A1101633,9,1,0,0
A1101634,7,1,0,0
A1101637,16,2,0,0
A1101638,18,6,12,0
00939491,32,1,0,0
BB964126,9,7,0,0
A1101642,4,1,0,0
00926245,11,3,0,0
A0902355,17,10,0,0
BB041325,13,4,0,0
A0971574,0,0,0,0
00925751,2,0,0,2
00941048,4,1,4,0
BB081325,14,2,0,0
A1101649,0,0,0,0
A1101707,12,2,5,5
BB081251,2,0,1,1
A1101711,1,1,0,0
00937075,1,0,0,0
A1101713,6,1,0,0
BB963666,8,2,0,0
A1101715,4,1,0,0
00919872,7,3,0,0
A1101653,22,2,0,0
00925208,5,0,0,3
A1101654,13,3,0,0
00919125,7,3,0,0
00935227,10,0,0,0
A1140017,0,0,0,0
00922546,2,1,0,0
A9903260,0,0,0,0
A1101726,2,0,1,1
00938374,31,5,11,20
A1101727,24,6,12,11
A1140018,0,0,0,0
A1101730,3,0,1,2
00939629,12,0,6,6
A1101731,0,0,0,0
